CoinName,Algorithm,IsTrading,ProofType,TotalCoinsMined,TotalCoinSupply
42 Coin,Scrypt,True,PoW/PoS,41.99995383,42
365Coin,X11,True,PoW/PoS,,2300000000
404Coin,Scrypt,True,PoW/PoS,1055184902.04,532000000
SixEleven,SHA-256,True,PoW,,611000
808,SHA-256,True,PoW/PoS,0.0,0
EliteCoin,X13,True,PoW/PoS,29279424622.5027,314159265359
2015 coin,X11,True,PoW/PoS,,0
Bitcoin,SHA-256,True,PoW,17927175.0,21000000
Ethereum,Ethash,True,PoW,107684222.6865,0
Litecoin,Scrypt,True,PoW,63039243.3000049,84000000
Dash,X11,True,PoW/PoS,9031294.37563393,22000000
Monero,CryptoNight-V7,True,PoW,17201143.1449131,0
Ethereum Classic,Ethash,True,PoW,113359703.0,210000000
ZCash,Equihash,True,PoW,7383056.25,21000000
Bitshares,SHA-512,True,PoS,2741570000.0,3600570502
DigiByte,Multiple,True,PoW,11406219141.0,21000000000
BitcoinDark,SHA-256,True,PoW/PoS,1288862.0,22000000
CraigsCoin,X11,True,PoS,,30000000
Bitstake,X11,True,PoW/PoS,0.0,1300000
PayCoin,SHA-256,True,PoS,11995334.8847328,12500000
ProsperCoin,Scrypt,True,PoW,5768310.0,21000000
YbCoin,Multiple,True,PoS,,200000000
DarkKush,X13,True,PoW/PoS,,3000000
GiveCoin,X11,True,PoW,,500000000
KoboCoin,X15,True,PoW/PoS,25542535.5881841,350000000
DarkToken,NIST5,True,PoW/PoS,,0
CETUS Coin,Scrypt,True,PoW/PoS,,0
Spreadcoin,X11,True,PoW,11149733.9976203,20000000
Insanity Coin,X11,True,PoW,,50000000
ACoin,SHA-256,True,PoW,0.0,1600000
Aero Coin,X13,True,PoS,0.0,7000000
AlphaCoin,Scrypt,True,PoW,,210182000
Aegis,X13,True,PoS,,0
AmericanCoin,Scrypt,True,PoW,,168000000
AlienCoin,Scrypt,True,PoW,,200000000
ApexCoin,X13,True,PoW/PoS,0.0,6000000
ArchCoin,Scrypt,True,PoS,0.0,16403135
Argentum,Scrypt,True,PoW,12205795.4449549,64000000
AriCoin,Scrypt,True,PoW,,322649400
Aurora Coin,Scrypt,True,PoW/PoS,18135099.992959,16768584
BetaCoin,SHA-256,True,PoW,0.0,32000000
BeanCash,SHA-256,True,PoW/PoS,,50000000000
BlueCoin,Scrypt,True,PoW/PoS,635423900.0,0
BQCoin,Scrypt,True,PoW,,88000000
MyriadCoin,Multiple,True,PoW,1688254250.0,2000000000
MoonCoin,Scrypt,True,PoW,88.0,384000000000
ZetaCoin,SHA-256,True,PoW,170204389.754849,169795588
SexCoin,Scrypt,True,PoW,128940951.183046,250000000
Quatloo,Scrypt,True,PoW,7357794.7925,100000000
EnergyCoin,Scrypt,True,PoW/PoS,123062801.128773,0
QuarkCoin,Quark,True,PoW,259557164.91477,247000000
Riecoin,Groestl,True,PoW,49548585.1412917,84000000
Digitalcoin ,Scrypt,True,PoW,33442988.3440364,48166000
LimeCoinX,X11,True,PoW,0.0,21000000 
BitBar,Scrypt,True,PoW/PoS,42579.476901,500000
CAIx,Scrypt,True,PoS,,0
BitMark,Scrypt,True,PoW,0.0,27580000
CryptoBuk,Scrypt,True,PoW/PoS,,100000000
Cachecoin,Scrypt,True,PoW,,2000000000
BottleCaps,Scrypt,True,PoW/PoS,,47433600
CashCoin,Scrypt,True,PoW/PoS,0.0,47433600
Catcoin,Scrypt,True,PoW,7219956.64626131,21000000 
CryptoBullion,Scrypt,True,PoW/PoS,1039116.65144562,1000000
CannaCoin,Scrypt,True,PoW,4703879.51824446,13140000
CinderCoin,Multiple,True,PoW/PoS,0.0,114000000
CINNICOIN,Scrypt,True,PoW,,15000000
CopperLark,SHA-256,True,PoW,,27200000
CosmosCoin,Scrypt,True,PoW/PoS,,100000000
ChinaCoin,Scrypt,True,PoW,,462500000
ConcealCoin,X11,True,PoW,,8500000
Community Coin,Scrypt,True,PoW/PoS,,1000000000
CoolCoin,Scrypt,True,PoS,0.0,100000000
CrackCoin,X11,True,PoW,,6000000
CryptCoin,X11,True,PoW,4996986.20575291,18000000
CasinoCoin,Scrypt,True,PoC,39999997299.8568,40000000000
eMark,SHA-256,True,PoW/PoS,0.0,0
Diamond,Groestl,True,PoW/PoS,3304487.74735637,4380000
Verge,Multiple,True,PoW,15929530669.1206,16555000000
DarkCash,X11,True,PoW/PoS,0.0,3720000
DarkShibe,Scrypt,True,PoW,0.0,2043962
DevCoin,SHA-256,True,PoW,18773857500.0,21000000000
EarthCoin,Scrypt,True,PoW,12539015186.822,13500000000
E-Gulden,Scrypt,True,PoW,20910478.8062499,21000000 
Elacoin,Scrypt,True,PoW,0.0,75000000
Einsteinium,Scrypt,True,PoW,218871896.499999,299792458
Emerald,Scrypt,True,PoW,19496786.31025,32000000
Exclusive Coin,PoS,True,PoS,5679705.0,0
ExeCoin,Scrypt,True,PoW,,21000000 
EZCoin,Scrypt,True,PoW,,84000000
Flappy Coin,Scrypt,True,PoW,0.0,100000000000
Fuel2Coin,X11,True,PoS,0.0,100000000
FireflyCoin,SHA-256,True,PoW,,700000000000
FIBRE,NIST5,True,PoW/PoS,0.0,624000
FireRoosterCoin,SHA-256,True,PoW,0.0,2602410
FlutterCoin,Scrypt,True,PoS/PoW/PoT,461829905.32893,0
Franko,Scrypt,True,PoW,1142732.14912776,11235813
FractalCoin,X11,True,PoW,,1000000
FastCoin,Scrypt,False,PoW,,165888000
FeatherCoin,NeoScrypt,True,PoW,208669093.00773,336000000
GrandCoin,Scrypt,True,PoW,884125802.0,1420609614
GlobalCoin,Scrypt,True,PoW,65672720.4708748,70000000
GoldCoin,Scrypt,True,PoW,41658647.9999715,72245700
GalaxyCoin,Scrypt,True,PoW/PoS,,538214400
GlyphCoin,X11,True,PoW/PoS,0.0,7000000
GameLeagueCoin,Scrypt,True,PoW/PoS,,500000000
GuerillaCoin,X11,True,PoW/PoS,,19500000
Halcyon,X15,True,PoW/PoS,0.0,0
HoboNickels,Scrypt,True,PoW/PoS,89266933.684704,120000000
HunterCoin,Multiple,True,PoW,0.0,42000000
HeavyCoin,Multiple,True,PoW,,128000000
HyperStake,X11,True,PoS,1678520090.7713,0
IceBergCoin,NIST5,True,PoW/PoS,,8750000
Infinite Coin,Scrypt,True,PoW,90595753018.6314,90600000000
IOCoin,X11,True,PoW/PoS,17650913.9743456,22000000
IXcoin,SHA-256,True,PoW,21089348.999,21000000
JumBucks Coin,X11,True,PoW/PoS,0.0,3293010
JunkCoin,Scrypt,True,PoW,,107000000
JudgeCoin,X13,True,PoW/PoS,0.0,21600000
Klondike Coin,Scrypt,True,PoW,,20000000
KeyCoin,X13,False,PoW/PoS,,1000000
KrugerCoin,Scrypt,True,PoW,151447649.8,265420800
Lucky7Coin,Scrypt,True,PoW/PoS,,99792000
LuckyCoin,Scrypt,True,PoW,19326319.14375,20000000
LightSpeedCoin,NIST5,True,PoW/PoS,,900000
Litebar ,Scrypt,True,PoW,1104344.22938102,1350000
LitecoinDark,Scrypt,True,PoW,0.0,82003200
LitecoinX,X11,True,PoW,,84000000
LibrexCoin,X11,True,PoW/PoS,0.0,1000000
LycanCoin,Scrypt,True,PoW,,4950000000
MaxCoin,SHA3,True,PoW/PoS,61445805.0,100000000
MegaCoin,Scrypt,True,PoW,38151999.9930997,42000000
MediterraneanCoin,HybridScryptHash256,True,PoW,40431856.9,200000000
Minerals Coin,X11,False,PoW/PoS,,1000000
MintCoin,Scrypt,True,PoS,21293925445.4969,0
Cryptsy Mining Contract,SHA-256,True,PoW,,0
MinCoin,Scrypt,True,PoW,5804204.88794916,10000000
MurrayCoin,Scrypt,True,PoW,,58000000
MazaCoin,SHA-256,True,PoW/PoS,1613836099.99999,2419200000
NanoToken,Scrypt,True,PoW,,80000000
Nautilus Coin,Scrypt,True,PoS,16180000.0,16180000
NavCoin,X13,True,PoW/PoS,66087096.2077108,0
Nybble,Scrypt,True,PoW,,210000000
Nimbus Coin,X15,True,PoW/PoS,,25000000
NoirBits,SHA-256,True,PoW,0.0,50000000
NobleCoin,Scrypt,True,PoW,2366066305.76482,15000000000
NoirShares,Scrypt,True,PoW/PoS,,5000000
Namecoin,SHA-256,True,PoW,14736400.0,21000000
NyanCoin,Scrypt,True,PoW,334709223.483138,337000000
OpalCoin,X13,True,PoW/PoS,15156364.3306548,0
Orbitcoin,NeoScrypt,True,PoW/PoS,3220616.279225,3770000
PhilosophersStone,Scrypt,True,PoW,,8891840
PotCoin,Scrypt,True,PoW/PoS,222677226.014206,420000000
PseudoCash,X13,True,PoW/PoS,,2200000
PhoenixCoin,Scrypt,True,PoW/PoS,73959274.625,98000000
PayCoin,Scrypt,True,PoW/PoS,,30000000
Reddcoin,Scrypt,True,PoW/PoS,29315567169.0888,0
RipOffCoin,Scrypt,True,PoW,0.0,12000000
RonPaulCoin,Scrypt,True,PoW,1104157.42169891,21000000
RotoCoin,Scrypt-n,True,PoW/PoS,,288000
RoyalCoin,Scrypt,True,PoW,,140000000
RazorCoin,Scrypt,True,PoW,,4000000
Saturn2Coin,Scrypt,True,PoW,,15000000000
StableCoin,Scrypt,True,PoW,24215181.725,250000000
SaffronCoin,Multiple,True,PoW,,111000000
ShadeCoin,Scrypt,True,PoW/PoS,,2000000
ShieldCoin,X15,True,PoW/PoS,0.0,1000000
SilkCoin,Scrypt,True,PoW/PoS,0.0,1000000
SterlingCoin,X13,True,PoS,,0
SmartCoin,Scrypt,True,PoW,25593737.1355044,51200000
SoleCoin,X15,True,PoW/PoS,,1200000
SpainCoin,Scrypt-n,True,PoW,0.0,50000000
Spots,Scrypt,True,PoW,,100000000
SecureCoin,Scrypt,True,PoW,0.0,21000000
SSVCoin,X13,True,PoW,,21000000
SuperCoin,X11,True,PoS,50707661.7493518,0
SyncCoin,X11,True,PoW/PoS,1177.0,1000
SysCoin,SHA-256,True,PoW,563336541.299966,888000000
TagCoin,Scrypt,True,PoW/PoS,,1000000
TakCoin,SHA-256,True,PoW/PoS,,7515187520
TeslaCoin,Multiple,True,PoS,80260463.7331396,100000000
TigerCoin,SHA-256,True,PoW,43536800.0,47011968
TittieCoin,PHI1612,True,PoS,1622326490.46336,2300000000
TorCoin,X11,True,PoW/PoS,1431851.00002479,10000000
TerraCoin,SHA-256,True,PoW,22935396.0,42000000
TitCoin,Scrypt,True,PoW,,1000000
Umbrella,SHA-256,True,PoW,0.0,2625000
UnbreakableCoin,SHA-256,True,PoW,2278150.0,80000000
Unobtanium,SHA-256,True,PoW,200911.79151896,250000
UroCoin,X11,True,PoW,1207310.0,0
UnitaryStatus Dollar,Scrypt,True,PoW/PoS,1098952592.6,1600000000
UltraCoin,Scrypt,True,PoW/PoS,50235211.141939,100000000
Utility Coin,X13,True,PoW/PoS,0.0,0
VidioCoin,X11,True,PoW/PoS,,0
ViaCoin,Scrypt,True,PoW,23150892.1679687,23000000
VootCoin,X11,True,PoW,0.0,0
VeriCoin,Scrypt,True,PoST,32021108.4136696,0
Vertcoin,Lyra2REv2,True,PoW,51173723.8166347,84000000
WorldCoin,Scrypt,True,PoW,119606941.0,265420800
SapienceCoin,X11,True,PoB/PoS,,0
SocialXbotCoin,Scrypt,True,PoW/PoS,0.0,2000000
X11 Coin,X11,True,PoW/PoS,6950831.0970606,5500000
Xcash,Scrypt,False,PoW/PoS,,2400000
Crypti,Multiple,True,PoS,100000000.0,0
JouleCoin,SHA-256,True,PoW,39195739.362088,45000000
LibertyCoin,X11,True,PoW/PoS,,16500000
StealthCoin,X13,True,PoW/PoS,33093725.4123502,0
XXXCoin,Scrypt,True,PoW/PoS,0.0,50000000
YAcCoin,Scrypt,True,PoW,,2000000000
ZCC Coin,Scrypt,True,PoW/PoS,147990237.978331,1000000000
ZedCoins,Scrypt,True,PoW,,120000000
ByteCoin,CryptoNight,True,PoW,184066828814.0,184467440735
Elektron,X13,True,PoW/PoS,,3000000
DigitalNote ,CryptoNight,True,PoW,6906587610.38292,10000000000
XauCoin,SHA-256,True,PoW,,2100000
BurstCoin,Shabal256,True,PoC,1813033920.0,2158812800
StorjCoin,Counterparty,True,PoS,51173144.0,500000000
BigCoin,Blake,True,PoW,,164429865
007 coin,Scrypt,True,PoW,,989800
MonaCoin,Scrypt,True,PoW,68194674.8711679,105120000
TekCoin,SHA-256,True,PoW/PoS,,100000000
Neutron,SHA-256,True,PoW/PoS,39121694.0,68000000
Sling Coin,SHA-256,True,PoW,0.0,1000000
Stability Shares,Scrypt,True,PoW/PoS,,15000000
KryptCoin,Scrypt,True,PoS,0.0,17000000
FairCoin,Groestl,True,PoW/PoS,53193831.0,0
Gulden,Scrypt,True,PoW,415032420.0,1680000000
RubyCoin,Scrypt,True,PoS,27184490.3918338,0
PesetaCoin,Scrypt,True,PoW,137517654.41397,166386000
Kore,X13,True,PoW/PoS,2022464.886973,12000000
Wild Beast Coin,Scrypt,True,PoW,181919.2435974,2628000
Sonic Screw Driver Coin,SHA-256,True,PoW/PoS,,0
Dnotes,Scrypt,True,PoS,174646113.934655,500000000
Flo,Scrypt,True,PoW,152270664.860648,160000000
MaieutiCoin,SHA-256,True,PoS,0.0,2014
8BIT Coin,Scrypt,True,PoW/PoS,1467841.0,0
Sativa Coin,X13,True,PoW/PoS,7096834.0,10000000
AeroMe,X13,True,PoW/PoS,0.0,12000000
NakomotoDark,X11,True,PoW/PoS,,0
GhostCoin,Scrypt,True,PoW/PoS,,750000000
ArtByte,Scrypt,True,PoW,792537250.0,1000000000
MasterTraderCoin,X11,True,PoW/PoS,0.0,10110000
BitCredit,Momentum,True,PoW,0.0,210000000
Pebble Coin,CryptoNight,True,PoW,,0
Dirac Coin,Blake,True,PoW,,2272800
Folding Coin,Stanford Folding,True,PoW,719416990.0,1000000000
Social Media Coin,X11,True,PoW/PoS,,0
Ucoin,X11,True,PoS,2689812.0,20000000
Unitus,Multiple,True,PoW,65113302.0,0
CypherPunkCoin,QuBit,True,PoW,6365285.0,0
QuBuck Coin,X13,True,PoS/PoB,,0
MaryJane Coin,X15,True,PoW/PoS,0.0,0
OmniCron,Scrypt,True,PoW,10140044.4430293,3371337
GigCoin,X11,True,PoW,,0
CyberCoin,Scrypt,True,PoW/PoS,0.0,0
Vtorrent,Scrypt,True,PoW/PoS,11604722.0,20000000
MetalCoin,Scrypt,True,PoW,,0
GreenCoin,Scrypt,True,PoW,4610340640.89,10000000000
XG Sports,XG Hash,True,PoW/PoS,,0
ChildCoin,X11,True,PoW,,2000000
Instamine Nuggets,Scrypt,True,PoW,,21649485
ROS Coin,X11,True,PoW/PoS,,0
Unattanium,SHA-256,True,PoW,0.0,0
GAIA Platform,X11,True,PoS,,24000000
Cryptonite,M7 POW,True,PoW,708506520.0,1840000000
Gridmaster,Scrypt,True,PoW,0.0,84000000
MemoryCoin,Multiple,True,PoW,,10000000
ConSpiracy Coin ,X11,True,PoW,0.0,33000000
MasterCoin,Scrypt,True,PoW,619478.0,619478
EggCoin,Scrypt,True,PoW/PoS,,3891
Camcoin,X11,False,PoW/PoS,,10000000
Ribbit Rewards,Multiple,True,PoW,,1000000000
ICASH,X11,True,PoW,,1000000
Node,Curve25519,True,PoA,,1000000000
SoonCoin,SHA-256,True,PoW,12462620.0,21000000
BitMiles,Scrypt,True,PoW,,4832660000
Event Token,Scrypt,True,PoW/PoS,,0
1Credit,Scrypt,True,PoW,88213.0,92000000000
ViorCoin,Scrypt,True,PoW/PoS,0.0,0
VirtualMining Coin,Scrypt-n,True,PoW,,1000000
MarsCoin,X11,False,PoW,,33000000
Equilibrium Coin,SHA-256,True,PoW/PoS,,0
IslaCoin,X11,True,PoW/PoS,1513704.0,0
Quicksilver coin,X11,True,PoW,0.0,33000000
DeOxyRibose,X11,True,PoS,,0
SkullBuzz,SHA-256,True,PoS,,0
CryptoFocus,X11,True,PoW/PoS,,0
Nexus,SHA3,True,PoW/nPoS,63657220.0,78000000
EagsCoin,X11,True,PoW/PoS,,20445500
MultiWallet Coin,X11,True,PoW/PoS,,0
MarsCoin ,X11,True,PoW,32221574.820996,33000000
Megastake,X11,True,PoW/PoS,,0
Singular,Scrypt,True,PoW/PoS,0.0,0
SupplyShock,X13,True,PoW/PoS,,0
DarkBit,Scrypt,True,PoW/PoS,,0
Crypto,Lyra2RE,True,PoW,13742738.0,65789100
BitLux,X11,False,PoW/PoS,,0
FutCoin,X13,True,PoW/PoS,,0
TamaGucci,Scrypt,True,PoW/PoS/PoC,,5300000
MorpheusCoin,X11,True,PoW,,3400000
Forever Coin,X11,True,PoS,,210000000
BananaBits,Scrypt,True,PoW/PoS,,0
Anarchists Prime,SHA-256,True,PoW,14747200.0002,53760000
Droidz,QUAIT,True,PoW/PoS,8568038.35935056,5060000
BowsCoin,X11,True,PoW,15863837.5,21000000
DarkTron,SHA-256,True,PoW/PoS,,1500000
CryptoCircuits,vDPOS,True,PoS,0.0,0
Empyrean,Scrypt,True,PoW,,100000
Squall Coin,X11,True,PoS/PoW,329200.01639,0
Charity Coin,Scrypt,True,PoW,,500000
Milllionaire Coin,X11,True,PoW/PoS,0.0,0
Quartz,SHA-256,True,PoW/PoS,,0
SpinCoin,NIST5,True,PoW/PoS,,0
DubCoin,X15,True,PoW/PoS,,0
Graviton,SHA-256,True,PoW/PoS,,0
Hedgecoin,X13,True,PoW,,33000000
Song Coin,Scrypt,True,PoW,32565300.0,210240000
BitSeeds,SHA-256,True,PoW/PoS,,0
Chip,X11,True,PoW,,0
SpecCoin,Scrypt,True,PoW,,3000000000
Sprouts,SHA-256,True,PoW/PoS,,0
BitZeny,Scrypt,True,PoW,75614500.0,250000000
Diggits,Scrypt,True,PoS,100000000.0,100000000
Expanse,Ethash,True,PoW,10495278.0,16906397
MapCoin,X11,True,PoS,0.0,2228921.184
Paycon,X13,True,PoW/PoS,23042604.0,50000000
Siacoin,Blake2b,True,PoW,33098296530.0,0
LyraBar,Lyra2RE,True,PoW/PoS,,0
Emercoin,SHA-256,True,PoW/PoS,43059794.804778,1000000000
BlitzCoin,X13,True,PoS,0.0,3852156
BitHIRE,Scrypt,False,PoS,,42000000
EverGreenCoin,X15,True,PoW/PoS,13530556.4180753,26298000
MindCoin,X11,True,PoW,15867695.0,16000000
I0coin,SHA-256,True,PoW,20997476.8650231,21000000
Decred,BLAKE256,True,PoW/PoS,10365046.9281661,21000000
DogeCoinDark,Scrypt,True,PoW,0.0,16500000000
Revolution VR,Scrypt,True,PoW,210000000.0,210000000
HOdlcoin,1GB AES Pattern Search,True,PoW,11448949.0,81962100
EDRCoin,SHA-256,True,PoW/PoS,3669691.84494672,22000000
Hitcoin,X11,True,PoW/PoS,10996318099.0,26550000000
Gamecredits,Scrypt,True,PoW,69836100.0,84000000
Dashcoin,CryptoNight,True,PoW,0.0,18446744
DubaiCoin,SHA-256,True,PoW/PoS,5129014.0,10500000
BiosCrypto,Quark,True,PoW/PoS,0.0,20190463.54969237
CarpeDiemCoin,SHA-256,True,PoW,21739971929.0,21626280000 
RedCrowCoin,Scrypt,True,PoW/PoS,,3966666667
PWR Coin,NIST5,True,PoW/PoS,10069449031.9252,0
TrumpCoin,Blake,True,PoS,0.0,12000000
BillaryCoin,Scrypt,True,PoW/PoS,8998743.2411911,42000000
EthereumScrypt,Scrypt,True,PoW/PoS,0.0,4200000
Phalanx,SHA-256,True,PoW,0.0,15000000
SoulCoin,Scrypt,True,PoW/PoS,,1400000000
SunShotCoin,X11,True,PoW,0.0,2250000000
GPU Coin,Scrypt,True,PoS,40477042.0,221052632
Think And Get Rich Coin,X15,True,PoW/PoS,,30700000
HempCoin,Scrypt-n,True,PoW,0.0,5000000000
Adzcoin,X11,True,PoW,45110324.0,84000000
MayaCoin,Scrypt,True,PoW/PoS,,250000000
VirtaCoin,Scrypt,True,PoW,0.0,21000000000
SoilCoin,Dagger,True,PoW,5702048.0,30000000
YoCoin,Scrypt,True,PoW,636462.55983338,168351300
Universal Currency,SHA-256,True,PoW/PoS,0.0,210000000
AEON,CryptoNight-Lite,True,PoW,0.0,18400000
SibCoin,X11GOST,True,PoW,17263355.0,24000000
EuropeCoin,X11,True,PoW/PoS,10407269.7881868,384000000
AdvancedInternetBlock,Scrypt,True,PoW,,314159265359
DragonSphere,X11,True,PoW/PoS,,21007600
Anti Bitcoin,SHA-256,True,PoW,0.0,42000000
ColossusCoinXT,X11,True,PoS,,21000000000
Mineum,X13,True,PoW/PoS,,10000000
ZeitCoin,Scrypt,True,PoS,36971236046.8073, 99000000000
Cryptographic Anomaly,Scrypt,True,PoW,,10000000000
SwingCoin,SHA-256,True,PoW/PoS,4377081.60953993,40000000
SafeExchangeCoin,Scrypt,True,PoC,2147483647.0,2147483647
Nebuchadnezzar,PoS,True,PoS,20000000.0,20000000
AcesCoin,X11,True,PoS,,98000000
Francs,Scrypt,True,PoW,6570807.65677618,20000000
Aiden,ScryptOG,False,PoW,84000000.0,84000000
Number7,Scrypt,True,PoW,,270967742
Cygnus,X11,True,PoW/PoS,,25885320
LGBTQoin,X11,True,PoW,,50000000
Uther,Dagger,True,PoW,,25885320
MediumProject,PoS,True,PoW,,250000
KATZcoin,SHA-256D,True,PoW/PoS,,100000000
Supreme,Scrypt,True,PoW/PoS,,88900000
Flash,Scrypt,True,PoW/PoS,,1000000
BolivarCoin,X11,True,PoW,13654082.4987998,25000000
CludCoin,Scrypt,True,PoW,,100200000
High Voltage Coin,SHA-256,True,PoW/PoS,,1700000
GIZMOcoin,X11,True,PoW/PoS,0.0,100000
Fuzzballs,Scrypt,True,PoW,,21000000
SecretCoin,X11,True,PoW/PoS,0.0,21000000
Ratecoin,X11,True,PoW/PoS,134554941.15119,75000000
XanaxCoin,Scrypt,True,PoW,,42000000
Digital Bullion Gold,PoS,True,PoS,0.0,15000000
WMCoin,X11,True,PoS,,1000000000
GothicCoin,Scrypt,True,PoW,,313333333
ShrekCoin,Scrypt,True,PoW/PoS,,1246000000
Revenu,SHA-256,True,PoW/PoS,1195525.0,222725000
PabyosiCoin,X11,True,PoW/PoS,,31500000000
Obscurebay,X11,True,PoW/PoS,,6562000
ExitCoin,Scrypt,True,PoW/PoS,,756000000
EducoinV,Scrypt,True,PoW/PoS,,99000000
Clinton,SHA-256,True,PoW,0.0,2421227
Clockcoin,SHA-256,True,PoW/PoS,16662820.0,525000000
VIP Tokens,NIST5,True,PoW/PoS,83450403.0,90000000
NXEcoin,NIST5,True,PoW/PoS,,2200000
ZoomCoin,Lyra2RE,True,PoW,,250000
YobitVirtualCoin,SHA-256,True,PoS,,22830000
OrlyCoin,X15,True,PoW/PoS,0.0,36000000
KubosCoin,Scrypt,False,PoW/PoS,,986898568551
SharkCoin,SHA-256,True,PoW,,400000000
EvilCoin,X11,True,PoW/PoS,,21024000
CobraCoin,Scrypt,True,PoW/PoS,,1012941176
BitSend,X11,True,PoW/PoS,24387724.5010828,139000000
Destiny,Scrypt,True,PoW/PoS,,212625
16BitCoin,NIST5,True,PoW/PoS,0.0,16000000
CometCoin,Scrypt,True,PoW,,2000000
ChessCoin,Scrypt,True,PoW/PoS,0.0,74666667
ReeCoin,Scrypt,True,PoW/PoS,0.0,350000000
Marvelous,Scrypt,True,PoW,,400000000
Omni,Scrypt,True,PoW,616448.0,616448
TrollTokens,SHA-256,False,PoW/PoS,,860000000
Let it Ride,POS 3.0,True,PoS,38589808.6658096,33500000
ScryptCoin,Scrypt,True,PoW,,34181818
Specie,PoS,True,PoS,,9000000
CryptoJacks,X13,True,PoW/PoS,,500000000
PutinCoin,Scrypt,True,PoW/PoS,813092338.575672,2000000000
Kraken,SHA-256,True,PoW/PoS,,20 000 000
iBankCoin,Scrypt,True,PoW/PoS,4526324.0,44333333
World Gold Coin,SHA-256,False,PoW,,51000000
BitMoon,X13,True,PoS,,100000000
Frankywillcoin,Scrypt,True,PoW/PoS,100000000.0,100000000
Psilocybin,SHA-256D,True,PoW/PoS,,4214600
RustCoin,Scrypt,True,PoW/PoS,,21212121
NewZealandCoin,Scrypt,True,PoW,,335800000
PokeChain,X13,True,PoS,,75000000
MudraCoin,X13,True,PoS,5000000.0,200000000
PizzaCoin,X11,True,PoW,1377917.0,25000000
Lutetium Coin,X11,True,PoS,657000000.0,657000000
ExaByte (EXB),SHA-256,True,PoW,,500000000
Komodo,Equihash,True,dPoW/PoW,115898131.0,200000000
GoldBlocks,X11,True,PoW/PoS,15563873.0,50000000
EDC Blockchain,SHA-256,True,DPoS/LPoS,,5352058721.530
WayCoin,X11,True,PoS,0.0,100000000
MollyCoin,Scrypt,True,PoW/PoS,,25000000
Save The Ocean,X11,True,PoW/PoS,,150000000
CarterCoin,Scrypt,True,PoW/PoS,43165500.0,90000000
TotCoin,Scrypt,True,PoW/PoS,,1613150000
MedicCoin,Scrypt,True,PoW/PoS,,33000000
FuturePoints,X11,True,PoS,,360000000
Zeta2Coin,Quark,True,PoW/PoS,,1200000
CovenCoin,SHA-256,True,PoW/PoS,,33000
Karbo,CryptoNight,True,PoW,7822432.72439746,10000000
Tellurion,X11,True,PoW/PoS,,3652422000
BitTokens,SHA-256,True,PoW/PoS,595429.0,21000000
ZayedCoin,SHA-256,True,PoW,6243840.0,9736000
MustangCoin,X11,True,PoW/PoS,657636.34549789,3000000
Goonies,Scrypt,True,PoW,,270875968
ZoneCoin,Scrypt,True,PoW/PoS,2581970.0,21000000
Circuits of Value,Multiple,True,PoW,1000000000.0,1200000000
DarkGold,X13,True,PoW/PoS,,1000000
TodayCoin,Scrypt,True,PoW,,39200000
RootCoin,Scrypt,True,PoW/PoS,1939889.0,0
DopeCoin,Scrypt,True,PoW,116845228.0,200000000
FCoin,Scrypt,True,PoW/PoS,,987600000
Pioneershares,X11,True,PoW/PoS,,200000
PROUD Money,X11,True,PoW/PoS,0.0,10000000000
Samsara Coin,QuBit,True,PoW/PoS,,60000000
Ubiqoin,Progressive-n,True,PoS,,500000000
Armory Coin,Scrypt,True,PoW/PoS,,1990000000
RingCoin,Scrypt,True,PoW/PoS,,1900000000
Lazarus,DPoS,True,DPoS,,10000000
BitCurrency,Scrypt,True,PoS,169598616.0,0
FaucetCoin,X13,False,PoS,,10000
Dark Moon,Scrypt,True,PoW/PoS,,420000000
DollarCoin,SHA-256,True,PoW,9106714.0,10638298
Swiscoin,Scrypt,True,PoW/PoW,665200057.0,3100000000
BitBronze,Scrypt,True,PoW,,4502400
Shilling,Scrypt,True,PoW,11119200.0,30000000
BuzzCoin,SHA-256D,True,PoW/PoS,19577787259.0,20000000000
Mind Gene,SHA-256,True,PoW/PoS,,7500000000
PSIcoin,X11,True,PoS,,696969
Opair,PoS,True,PoS,74033806.7949683,74000000
PesoBit,Scrypt,True,PoW/PoS,33522957.0,0
Fitcoin,X11,True,PoW/PoS,,90000000
PantherCoin,Scrypt,True,PoW/PoS,,735000000
Unfed Coin,Scrypt,True,PoW,,67000000
SportsCoin,X11,True,PoS,,20000000
NineElevenTruthCoin,Scrypt,True,PoW/PoS,,130528084
EGOcoin,PoS,True,PoS,,60000000
GBR Coin,Scrypt,True,PoW,0.0,87500000
Halloween Coin,X11,True,PoW/PoS,264678458.288619,1500000000
BaseballCardCoin,Scrypt,True,PoW/PoS,,19000000
EmiratesGoldCoin,SHA-256,False,PoW,,4000000
BighanCoin,Quark,True,PoW,,411000000
Craftcoin,Scrypt,True,PoW/PoS,,49411760
OlympCoin,X11,True,PoW/PoS,,50000000
DelightPay,X13,True,PoW/PoS,,90400000
AntiLitecoin,Scrypt,False,PoW,,84000000
JobsCoin,X11,True,PoW/PoS,,20000000000
DogeGoreCoin,X11,True,PoW/PoS,,500000000
Resumeo Shares,NIST5,True,PoS,,9188302
FujiCoin,Scrypt-n,True,PoW,0.0,10000000
Vaporcoin,SHA-256,True,PoW/PoS,,2000000
ZCoin,Lyra2Z,True,PoW,7568281.24956067,21400000
Premium,Scrypt,True,PoW,,20000000
CaliphCoin,SHA-256,True,PoW,,135000000
LeaCoin,SHA-256,True,PoW,0.0,2000000000
Californium,SHA-256,True,PoW,,2520000
CoffeeCoin,PoS,True,PoS,148716816.0,39999898
BlackShadowCoin,X11,True,PoW/PoS,,2100000000
JiffyCoin,SHA-256D,True,PoW,,5108400
Moneta,Scrypt,True,PoW,,184000000
Rublebit,Scrypt,True,PoW,,100000000
HappyCreatorCoin ,Scrypt,True,PoW,,100100400000
BrainCoin,X11,True,PoW/PoS,,22000000
RoyalCoin,X13,True,PoS,2500124.0,2500124
BigLifeCoin,X11,True,PoW,,9900000000
Zurcoin,Quark,True,PoW,0.0,126000000
PeaceCoin,X11,True,PoW,,700000000
Goldmaxcoin,Scrypt,True,PoW,,84078950
32Bitcoin,X11,True,PoW/PoS,,355000
GanjaCoin V2,X14,True,PoW/PoS,100000000.0,100000000
TeamUP,PoS,True,PoS,17818682.1654,301000000
ScryptToken,Scrypt,True,PoW/PoS,,8842105
LanaCoin,SHA-256D,True,PoW/PoS,1082162635.53683,7506000000
Elementrem,Ethash,True,PoW,26205539.0,26205539
GuccioneCoin,Scrypt,True,PoW,,39760000
EqualCoin,X13,True,PoW/PoS,,1000000000
2BACCO Coin,Scrypt,True,PoW/PoS,,81454545
DarkKnightCoin,Scrypt,True,PoW/PoS,,24000000
Community Coin,SHA-256,True,PoW,,36129032
ChoofCoin,Scrypt,True,PoW/PoS,,40000000
CashOut,SHA-256,True,PoW,0.0,100000000
ZClassic,Equihash,True,PoW,5613550.0,21000000
RoyalCoin 2.0,X13,True,PoS,,2500124
Pabyosi Coin,X11,True,PoW/PoS,,31500000000
NetBit,Scrypt,True,PoW/PoS,,10.500.000
WineCoin,Scrypt,True,PoW/PoS,,1744000000
ARK,DPoS,True,DPoS,108202084.0,125000000
ZCashDarkCoin,Scrypt,True,PoW,,500000000
WashingtonCoin,X11,True,PoW/PoS,,170000000
LuckyBlocks,PoS,True,PoS,,20000000
InsaneCoin,X11,True,PoW/PoS,18342813.0,30000000
LuckChain,Scrypt,True,PoW/PoS,0.0,1000000000
FameCoin,QuBit,True,PoW/PoS,,50000000
LiviaCoin,Scrypt,True,PoW/PoS,,1572000000
EtherDoge,X11,True,PoW/PoS,,18100000
KiloCoin,Scrypt,True,PoW,196297971.0,10000000000
Hush,Equihash,True,PoW,0.0,21000000
BitLuckCoin,PoS,True,PoS,,5000000000
Dream8Coin,Scrypt,True,PoW,,88800000000
Ebitz,PoS,False,PoS,,21000000
Free Game Zone,Scrypt,True,PoW,,44775520
BosonCoin,X11,True,PoW/PoS,,5000000000
ArtexCoin,X11,True,PoW,824000000.0,500000000
PlatiniumCoin,SHA-256,True,PoW,,21000000
BeardDollars,Scrypt,True,PoW/PoS,,21212121
BipCoin,CryptoNight,True,PoW,,18446744
XenCoin,Scrypt,True,PoW,,2100000000
EmberCoin,X13,True,PoW/PoS,92192822723.0,850000000
Coin to the Future,PoS,True,PoS,,1210000
DollarOnline,X11,True,PoW/PoS,,1000000000
XenixCoin,X11,True,PoW/PoS,3853326.77707314,3853326.77707314
iWallet,X11,True,PoW/PoS,,2142857142.86
FreeCoin,PoS,True,PoS,50000000.0,50000000
NPCcoin,SHA-256D,True,PoW/PoS,0.0,7000000000
PLNCoin,Scrypt,True,PoW/PoS,17089600.0,38540000 
Digigems,Scrypt,True,PoW,,50000000
Icobid,Scrypt,True,PoW/PoS,0.0,200000000 
AquariusCoin,Scrypt,True,PoW/PoS,2449577.41533168,42000000
Kurrent,X11,True,PoW,61364813.0,228000000
Creatio,PoS,True,PoS,20000000.0,20000000
Eternity,X11,True,PoW/PoS,6069482.07721352,60000000
Metal Music v3,Scrypt,False,PoW/PoS,,2500000000
Old Dogs New Tricks,SHA-256D,True,PoW/PoS,,21000000
Eurocoin,SHA-256,True,PoW/PoS,12416554.0,20000000
CoolDarkCoin,Scrypt,True,PoW/PoS,,11052632
BitcoinFast,Scrypt,True,PoW/PoS,20244023.640728,33000000
SeedShares,SHA-256D,True,PoW/PoS,,7996400
Stakenet,X11,True,TPoS,75590369.0,76500000
BitConnect Coin,Scrypt,True,PoW/PoS,11080722.3769581,28000000
ShortyCoin,PoS,True,PoS,,100000000
Procom,Scrypt,True,PoW,,28000000
CoralPay,X13,True,PoS,,21000000
MoneyCoin,Scrypt,True,PoW/PoS,10914418.0,650659833
Horse Power,Scrypt,True,PoW,,2900000
HazMatCoin,Scrypt,True,PoW/PoS,,100000000
CryptoSpots,DPoS,True,DPoS,,0
Iconic,PoS,True,PoS,,520000
NewInvestCoin,PoS,True,PoS,,47090909
AvonCoin,PoS,True,PoS,,1000000000
Enigma,X11,True,PoW/PoS,814671.0,5000000
Cannabis Industry Coin,CryptoNight,True,PoW,978145.0,21000000
LookCoin,X11,True,PoW/PoS,,1613150000
MIScoin,X11,True,PoW/PoS,,25000000
WorldPay,X11,True,PoW/PoS,,10000000
ConquestCoin,X13,True,PoW/PoS,,30000000
TheChiefCoin,Scrypt,True,PoW/PoS,,2500000000
Russiacoin,Scrypt,True,PoW/PoS,8377873.0,144000000
PandaCoin,Scrypt,True,PoS,33813143821.8337,32514916898
Canada eCoin,Scrypt,True,PoW,,100000000
OptionCoin,X11,True,PoS,,21000000
Avatar Coin,PoS,True,PoS,,10000000
Limited Coin,PoS,True,PoS,,128
GameUnits,Scrypt,True,PoW/PoS,3472983.0,13000000
GAKHcoin,Scrypt,True,PoW/PoS,3315789.0,3315789
S88 Coin,Scrypt,True,PoW/PoS,,520000000
Allsafe,Quark,True,PoS,10517772.7391666,15000000
LiteCreed,QuBit,True,PoW/PoS,30227750.0,78835200
ProCoin,X15,True,PoW/PoS,,6000000
Astral,X13,True,PoW/PoS,,37875500
GiftNet,X13,True,PoW,,6750000
PureVidz,PoS,True,PoS,,125000000
Incrementum,PoS,True,PoS,,1300000
PentaCoin,SHA-256,True,PoW/PoS,, 1311955 
AcidCoin,SHA-256,True,PoW,,4500000000
ReturnCoin,X11,True,PoS,,250000000
TwisterCoin,X11,True,PoW/PoS,,3195000
PayPeer,X11,True,PoW/PoS,,50000000000
LeninCoin,SHA-256D,True,PoW,,100000000
MrsaCoin,X13,True,PoW/PoS,,2100000000
OsmiumCoin,Scrypt,True,PoW,894026.0,2714286
Bikercoins,CryptoNight,True,PoW,9357088.0,25000000
CryptoPennies,X11,True,PoS,,1593.15
NeptuneClassic,X11,True,PoW/PoS,0.0,250000000
HexxCoin,Lyra2RE,True,PoW,1876146.443596,9999999
Ghost Coin,SHA-256,True,PoW/PoS,,2270000
MachineCoin,Time Travel,True,PoW,,35000000
SelenCoin,PoS,True,PoS,,159680000
Noocoin,PoS,True,PoS,,25000000
23 Skidoo,SHA-256D,True,PoW,,23
GoldenBird,X13,True,PoW/PoS,0.0,450000000
YamahaCoin,Scrypt,True,PoW,,315000000
JokerCoin,Scrypt,True,PoW/PoS,,5000000000
GravityBit,Scrypt,True,PoW/PoS,,5333000
TeCoin,Multiple,True,PoW,,469521976
BombCoin,Scrypt,True,PoW/PoS,,4516129032
Ride My Car,PoS,True,PoS,0.0,100000000
Klingon Empire Darsek,Scrypt,True,PoW/PoS,23965372.0,500000000
Internet of People,SHA-256,True,PoW/PoS,2526078.47525448,21000000
Elysium,Scrypt,True,PoW,,18000000
KushCoin,X11,True,PoW/PoS,5659096.95728771,9354000
Eryllium,X11,True,PoW/PoS,0.0,100000000
Opes,Argon2,True,PoW,,52000000
Ratio,PoS,True,PoS,,100000000
SmurfCoin,Scrypt,True,PoW/PoS,,2500000000
TechCoin,X13,True,PoW/PoS,,300000
CircuitCoin,SHA-256D,True,PoW/PoS,,3125000000
LePenCoin,SHA-256,True,PoS,,1000000000
MarxCoin,X11,True,PoW,0.0,100640000
HazeCoin,Scrypt,True,PoW,,25000000
Printerium,Scrypt,True,PoW/PoS,11821728.0,20000000
PacCoin,X11,True,PoW,536982074.0,100000000000
Impeach,Scrypt,True,PoW/PoS,308179.0,21933333
ErrorCoin,Scrypt,True,PoW,,81000000
TrueInvestmentCoin,Scrypt,True,PoW/PoS,,53200000
NukeCoin,PoS,True,PoS,,2778196
Solarflarecoin,Scrypt,True,PoW,0.0,20000000
JaneCoin,X11,True,PoW/PoS,,2100000000
ParanoiaCoin,Scrypt,True,PoW,,72000000
MasterMint,X11,True,PoS,,1500000000
Citadel,CryptoNight-V7,True,PoW,10969318.522954,185000000
Zilbercoin,Scrypt,True,PoS,2922613.96424908,55000000
FirstCoin,Scrypt,True,PoW/PoS ,110000000.0,110000000
OroCoin,Scrypt,True,PoW,,23529412
Alexandrite,SHA-256,True,PoW/PoS,,1268000
TrashBurn,SHA-256D,True,PoS,,9000000
MasterCar,Scrypt,True,PoW/PoS,,2991837
TechShares,DPoS,True,DPoS,,600000000
AcesCoin,X13,True,PoS,,100000000
United Arab Emirates Coin,X11,False,PoW/PoS,,10000000
EagleCoin,SHA-256,True,PoW,,40000000
CreativeChain,Keccak,True,PoW,0.0,115000000
BeaverCoin,Scrypt,True,PoW,3115258.0,3360000
FindCoin,X13,True,PoS,14524851.4827,14524851.4827
MeLite,SHA-256D,True,PoW/PoS,,1.000.000
StalinCoin,X11,True,PoW/PoS,,3000000000
TattooCoin,Scrypt,True,PoW/PoS,,500000000
VaultCoin,X11,True,PoW,30385540.0,1000000000
BioBar,SHA-256D,True,PoW/PoS,,60000000
Zero,Equihash,True,PoW,6921653.89980891,17000000
OpenChat,Scrypt,True,PoW/PoS,1000000000.0,1000000000
Canada eCoin,Scrypt,True,PoW,99843408.3158479,100000000 
Zoin,Lyra2RE,True,PoW,18545757.5,21000000
Honey,Blake2S,True,PoW/PoS,,7000000
MartexCoin,X13,True, PoW/PoS,,5000000
Musicoin,Ethash,True,PoW,0.0,454898394
BitVegan,PoS,True,PoS,,600000000
Mbitbooks,Scrypt,True,PoW,,81000000
Zennies,Scrypt,True,PoS,,1000000000
PlanetCoin,Scrypt,True,PoW/PoS,,1000000
DuckDuckCoin,Scrypt,True,PoW,,121
BnrtxCoin,X11,True,PoW,0.0,210000000
RenosCoin,Scrypt,True,PoS,36050365.0,34426423
DubaiCoin,Dagger-Hashimoto,True,PoW,2232901.0,2232901
VirtacoinPlus,X11,True,PoW/PoS,13162749.0858027,100000000
Doubloon,536,True,PoW/PoS,,500000000
TajCoin,Blake2S,True,PoW/PoS,12184195.9258495,36900000
Impact,X11,True,PoW/PoS,110630387.850471,110000000
CryptoJournal,PoS,True,PoS,,100000000
Amygws,Scrypt,True,PoW,,23333333
Cubits,SHA-256,True,PoW/PoS,,300000000
EB3coin,Scrypt,True,PoW,64096052.0,4000000000
The Vegan Initiative,PoS,True,PoS,,50000000
Aptcoin,Scrypt-n,True,PoW,,42000000
BlazerCoin,Scrypt,True,PoW,,294336000
Universe,Scrypt,True,PoS,0.0,112000000
ECOcoin,Scrypt,True,PoW/PoS,,10733333
Dark,SHA-256,True,PoW/PoS,,12800000
DonationCoin,Scrypt,True,PoW,,90000000
Atmos,PoS,True,PoS,111135836.889,110290030
HappyCoin,X11,True,PoW/PoS,21521322.0099142,100000000
Coinonat,NIST5,True,PoW,10123200.0,48252000
MacronCoin,PoS,True,PoS,401421401.0,400000000
Condensate,X11,True,PoW/PoS,121665451.643876,500000000
IvugeoEvolutionCoin,Scrypt,True,PoW,,100000000
Independent Money System,Scrypt,True,PoW/PoS,5368934.0,21212121
ArgusCoin,Scrypt,True,PoW/PoS,1148324.0,28600000
LomoCoin,Scrypt,True,PoW/PoS,500000.0,1000000000
Bitcoin Scrypt,Scrypt,True,PoW,0.0,21000000
ProCurrency,SHA-256,True,PoS,100545745.0,75000000000
GoldReserve,X11,True,PoW/PoS,17171382.0,40000000
BenjiRolls,Scrypt,True,PoW,20276099.146524,35520400
ParallelCoin,Scrypt,True,PoW,0.0,1000000
GrowthCoin,Scrypt,True,PoS,295135466.361878,2000000000
ILCoin,SHA-256,True,PoW,1317747500.0,2500000000
Prizm,SHA-256,True,PoS,,600000000000000
Phreak,PoS,True,PoS,11390225.9742772,30000000
PupaCoin,Blake2S,True,PoW/PoS,,3500000000
RiceCoin,X13,True,PoW/PoS,,10000000
C-Bits,SHA-256,True,PoW,,210000000
Degas Coin,Scrypt,True,PoW/PoS,21358764.0,105000000
ZSEcoin,X11,True,PoW/PoS,0.0,2093500000
TappingCoin,X11,True,PoW/PoS,,5000000000
MilkCoin,SHA-256,True,PoW/PoS ,,4500000000
Infinium-8,CryptoNight,False,PoW,,0
HTML5 Coin,X15,True,PoW/PoS,40659020000.0,90000000000
Subscriptio,PoS,True,PoS,,10000000
Ultimate Secure Cash,SHA-256,True,PoS,10343113.0,200084200
DuxCoin,Scrypt,True,PoW/PoS,,1680000000
PoisonIvyCoin,Scrypt,True,PoW/PoS,,4666666667
EquiTrader,Scrypt,True,PoW,13673406.4325268,72000000
Manet Coin,Scrypt,True,PoW/PoS,,215000000
HamsterCoin,Scrypt,True,PoW,,20000000
QTUM,POS 3.0,True,PoS,100000000.0,100000000
NefariousCoin,Scrypt,True,PoW/PoS,,4835000000
Quantum Resistant Ledger,CryptoNight-V7,True,PoW,69036016.8340164,105000000
Espers,536,True,PoW/PoS,22801882871.0,50000000000
Dynamic,Argon2d,True,PoW,19784224.6512734,0
Nano,Blake2b,True,PoW,133248297.0,340282367
ChanCoin,Cloverhash,True,PoW,18407259.0885883,30000000
Dinastycoin,CryptoNight,True,PoW,1809467143.0,2000000000
Denarius,NIST5,True,PoW/PoS,4171382.0,10000000
DigitalPrice,X11,True,PoW,35138975.0,100000000
Virta Unique Coin,NIST5,True,PoW/PoS,62942075.0,120000000
Bitcoin Planet,Skein,True,PoW/PoS,6804362.0,100000000
Unify,Scrypt,True,PoW,18133195.0,19276800
BritCoin,X13,True,PoW/PoS,21268092.0,30000000
SocialCoin,Scrypt,True,PoW,5167775.0, 75000000
Octanox,X11,True,PoW/PoS,0.0,7905634
ArcticCoin,X11,True,PoW,26042364.3735553,60000000
Bogcoin,SHA-256,True,PoW,,21212121
BeachCoin,X11,True,PoW,,21000000
DAS,X11,True,PoW,2622886.0,18900000
Linda,Scrypt,True,PoW/PoS,9044930943.24243,50000000000
LeviarCoin,CryptoNight,True,PoW,14161803.0,54000000
DeepOnion,X13,True,PoW/PoS,21917018.0492836,18898187.6216583
Bitcore,Time Travel,True,PoW,17801865.1605478,21000000
gCn Coin,Scrypt,True,PoW,163055097500.0,200000000000
SmartCash,Keccak,True,PoW,2241009149.22257,5000000000
Signatum,SkunkHash v2 Raptor,True,PoS,107972766.0,137500000
Onix,X11,True,PoW,122475638.389743,1100000000
Wink,PoS,True,PoS,,80000000
Cream,Skein,True,PoW/PoS,47331802.4774238,100000000
Bitcoin Cash,SHA-256,True,PoW,17995589.6469082,21000000
Bitmxittz,Scrypt,False,PoW/PoS,,10000
Monoeci,X11,True,PoW/PoS,12569262.5359307,9507271
CampusCoin,Scrypt,True,PoW,0.0,1010000000
Draftcoin,Scrypt,True,PoS,18663297.3489799,17405891.19707116
Vechain,VeChainThor Authority,True,Proof of Authority,55454734800.0,86712634466
Sojourn Coin,Scrypt,True,PoW,485214.0,10500000000
Stakecoin,PoS,True,PoS,4000000.0,61599965
NewYorkCoin,Scrypt,True,PoW,143006669741.687,0
LiteBitcoin,Scrypt,True,PoW,0.0,1000000000
FrazCoin,Scrypt,True,PoW,9704042.0,20000000
Kronecoin,Scrypt,True,PoW,17453749.4042601,84000000
AdCoin,Scrypt,True,PoW,32646731.063036,100000000
Linx,Scrypt,True,PoW,33716526.0,100000000
CoinonatX,Scrypt,True,PoW/PoS,19539588.0,48252000
BlakeStar,Blake2S,True,PoW/PoS,,2400000000
Ethereum Dark,Scrypt,True,PoW/PoS,4200000.0,4200000
Sumokoin,CryptoNight,True,PoW,8946653.0,88888888
Obsidian,SHA-512,True,PoS,25000000.0,91388946
Cardano,Ouroboros,True,PoS,25927070538.0,45000000000
Regalcoin,X11,True,PoW/PoS,7262402.04264803,27000000
BitcoinZ,Equihash,True,PoW,5211553258.01514,21000000000
NetM,Scrypt,True,PoW,,101318932073.89769
TrezarCoin,NeoScrypt,True,PoW/PoS,182638400.0,400000000
Elements,X11,True,PoW,2702855668.85288,1800000000
TerraNovaCoin,Scrypt,True,PoW/PoS,1140734.91680375,15733333
VIVO Coin,NeoScrypt,True,PoW,4165967.57499639,27000000
RG Coin,NIST5,True,PoW/PoS,,300000000
Rupee,Lyra2REv2,True,PoS,24000000.0,24000000
Bitcoin Gold,Equihash,True,PoW,17202361.088994,21000000
WomenCoin,Scrypt,True,PoW/PoS,48459472454.0,25000000000
Theresa May Coin,SHA-256,True,PoW/PoS,92050800.0,100000000
Eddie coin,Scrypt,True,PoW/PoS,,1000000000
NamoCoin,NIST5,True,PoW/PoS,560563220.0,1200000000
LUXCoin,PHI1612,True,PoW/PoS,8305775.31777569,60000000
Pirl,Dagger,True,PoW,33986980.0,156306732.71
Xios,Scrypt,True,PoW/PoS,2149688.0,21000000
Bitcloud 2.0,Quark,True,PoW/PoS,30711550.5294042,200000000
eBoost,Scrypt,True,PoW,99990001.493466,100000000
KekCoin,POS 2.0,True,PoS,12330806.30517,21000000
BlackholeCoin,Scrypt,True,PoW/PoS,16362544.992,14788275.991
AltCommunity Coin,SkunkHash,True,PoW/PoS,0.0,5000000
Pure,X11,True,PoW/PoS,0.0,3686860
Rupaya,Quark,True,PoS,0.0,75000000
Infinity Economics,SHA-256,True,PoS,8999999990.0,9000000000
Huncoin,X13,False,PoW,,86400000
MadCoin,Scrypt,True,PoW,,10000000
Pura,X11,True,PoW,175215859.0,350000000
Innova,NeoScrypt,True,PoW,6375259.04,45000000
Bitdeal,Scrypt,True,PoW,0.0,300000000
WiserCoin,Scrypt,False,PoW,,22105263
Masari,CryptoNight,True,PoW,,18500000
Ellaism,Ethash,True,PoW,12756367.0,280000000
Sakuracoin,Scrypt,True,PoW,0.0,105100000
Interstellar Holdings,Scrypt,False,PoS,0.0,1970000000
GoByte,NeoScrypt,True,PoW,5832306.875,31800000
Castle,Quark,True,DPoS,0.0,50000000 
Insta Cash Coin,SHA-256,False,PoW,0.0,300000000
Alqo,Quark,False,PoW/PoS,65269530.104519,57879300
KingN Coin,Scrypt,False,PoW/PoS,,420000
Magnet,X11,True,PoW/PoS,38198594.8342105,144000000
Lamden Tau,DPoS,True,DPoS,288090567.493887,500000000
Electra,NIST5,True,PoW/PoS,28399150208.0,30000000000
Bitcoin Diamond,X13,True,PoW/PoS,183534024.889807,210000000
Votecoin,Equihash,True,PoW,,220000000
SHIELD,Multiple,True,PoW,481730566.566176,660000000
BridgeCoin,Scrypt,False,PoW,0.0,27000000
Desire,NeoScrypt,True,PoW,,22000000
Mutual Coin,Scrypt,False,PoW/PoS,0.0,1000000000
Cash & Back Coin,Scrypt,True,PoW/PoS,110976977.29338,210000000
UltraNote,CryptoNight,True,PoW,19281821413.4924,85000000000
People,Scrypt,True,PoW,,7500000000
Achain,DPoS,True,DPoS,,1000000000
Neuro,SHA-256,False,PoW/PoS,,20000000
Social Send,Quark,True,PoW/PoS,,150000000
BitCoal,CryptoNight,True,PoW,4500000.0,12500000
DaxxCoin,Ethash,True,PoW,520891780.0,10000000000
Bulwark,NIST5,True,PoS,13247178.8807286,27716121
BoxyCoin,Scrypt,False,PoW,5761512.8103491,100000000
Super Bitcoin,SHA-256,True,PoW,,21210000
Kalkulus,Quark,True,PoS,16955764.902064,20000000
AC3,X11,True,PoW,80316207.0,550000000
CHIPS,SHA-256,True,PoW,0.0,21000000
Lethean,CryptoNight-V7,True,PoW,441250233.377,999481516
GermanCoin,Scrypt,True,PoW/PoS,4911500269.41,50000000000
LiteCoin Ultra,Scrypt,True,PoW/PoS,8419402.321,150000000
Straks,Lyra2REv2,True,PoW,,150000000
PopularCoin,Scrypt,True,PoW,3964201248.87125,4999999999
PhantomX,X11,True,PoW/PoS,45174214.1078625,50000000
HomeBlockCoin,X11,False,PoW/PoS,0.0,28000000
HTML Coin,SHA-256,True,PoW/PoS,0.0,90000000000
Photon,BLAKE256,True,PoW,30089671530.5228, 90000000000
Sucre,X11,True,PoW,4229040.50393462,19800000
Accolade,Scrypt,False,PoW/PoS,5573908.0,50000000
CompuCoin,Scrypt,True,PoW,,35000000
Fantasy Cash,Scrypt,True,PoW/PoS,0.0,4600000
OmiseGO Classic,Scrypt,False,PoW/PoS,49933217.7511508,70000000
Galactrum,Lyra2REv2,True,PoW/PoS,,26280000
SparksPay,NeoScrypt,True,PoW,7847417.33355824,21000000
GoaCoin,NeoScrypt,False,PoW,3982139.24553469,32000000
Digiwage,Quark,True,PoS,27299680.0,120000000
GunCoin,NeoScrypt,True,PoW,299797953.0,500000000
PolisPay,X11,True,PoW,,25000000
IrishCoin,Scrypt,True,PoW,45483049.3398182,64000000
Trollcoin,Scrypt,True,PoW/PoS,591022748.0,900000000
Litecoin Plus,Scrypt,True,PoW/PoS,2504486.227718,4000000
TheGCCcoin,X13,True,PoW/PoS,,2400000000
Monkey Project,X11,True,PoS,4407252.0,21000000
KZCash,X11,True,PoW,,18000000
World Crypto Gold,SHA-256,True,Proof of Stake,,900000000
ECC,Scrypt,False,PoS,25000000000.0,25000000000
Steneum Coin,Scrypt,True,PoW,,20000000
Pioneer Coin,X11,True,PoW,8478104.33969947,23000000
UnitedBitcoin,SHA-256,True,PoW,20166000.0,20166000
Interzone,C11,True,PoW,11916588.09471,23000000
Black Pearl Coin,X13,True,PoW/PoS,,50000000
Sigil,NeoScrypt,False,PoW,0.0,50000000
OP Coin,Scrypt,True,PoW/PoS,0.0,2000000000
Shacoin,SHA-256,True,PoS,,350000000
BitWhite,DPoS,True,DPoS,,60000000
Croat,CryptoNight,True,PoW,,100467441
Valorbit,Scrypt,True,PoW/PoS,0.0,92233720000000000
TokenPay,POS 3.0,True,PoS,20445861.5344251,25000000
Crave-NG,SHA-256,True,PoS,,1000000000
1717 Masonic Commemorative Token,Ethash,True,PoS,1618033.0,1618033
Crypto Wisdom Coin,Scrypt,False,PoW,17630550.2128923,24000000
My Big Coin,Scrypt,True,PoW and PoS,9399342.52839847,30000000
WorldBTC,Scrypt,False,PoW/PoS,,210000000
TurtleCoin,CryptoNight,True,PoW,53139835213.77,1000000000000
NeedleCoin,X11,False,PoS/PoW,,120000000
MUNcoin,SkunkHash,True,PoW,4818338.98949984,16600000
Unified Society USDEX,Scrypt,True,PoW/PoS,234846265.782157,232000000
Bitcoin Atom,SHA-256,True,PoW/PoS,,21000000
SegWit2x,X11,True,PoW/PoS,,21000000
Niobio Cash,CryptoNight,True,PoW,133932467.774108,336000000
Scooby coin,Scrypt,True,PoW/PoS,,21000000
BunnyCoin,Scrypt,True,PoW,,100000000000
BitSoar Coin,X11,False,PoS,3680297312.25584,3980000000
Pirate Blocks,X11,True,PoW/PoS,,240000000
Bitcoin Private,Equihash,True,PoW,0.0,21000000
Skeincoin,Skein,True,PoW,0.0,17000000
Karma,Groestl,True,PoS,,3000000000
Bitcoin Candy,Equihash,True,PoW,,21000000000
ShareChain,Scrypt,True,PoW,10000000000.0,10000000000
Credence Coin,SHA-256,False,PoW/PoS,3427006.0,25000000
Travelflex,Dagger,True,PoW,107325266.027783,100000000
KREDS,Lyra2REv2,True,PoW,643795911.540095,1100000000
Vulcano,NIST5,True,PoS/PoW,,421126225
Tokyo Coin,X13,True,PoS,230298925.0,800000000
BiblePay,Proof-of-BibleHash,True,POBh,1772091549.88818,5200000000
LitecoinCash,SHA-256 + Hive,True,PoW + Hive,638382332.208514,840000000
BitFlip,Scrypt,True,PoW,12446100.00278,40000000
LottoCoin,Scrypt,True,PoW,14491014421.0,18406979840
Cypherfunks Coin,Scrypt,True,PoW,,49275000000
LeafCoin,Scrypt,True,PoW,0.0,21000000000
BashCoin,Skein,False,PoW/PoS,11661844.4720073,72000000
DigiMoney,X11,False,PoW/PoS,3521630.0,25000000
Cerberus,NeoScrypt,True,PoW,0.0,31500000
Bitcoin Hush,Equihash,True,PoW,0.0,21000000
Lizus Payment,Skein,False,PoW/PoS,2985970.9999482,69000000
Crypto Improvement Fund,X11,True,PoW,211297638.500483,500000000
Stipend,C11,True,PoW/PoS,11251342.1879021,19340594
Poa Network,Proof-of-Authority,True,PoA,204479039.0,252460800
Pushi,X11,True,PoW/PoS,2167827.1,25000000
PokerCoin,Scrypt,False,PoS/PoW,0.0,466666667
Ellerium,XEVAN,True,PoW/PoS,419275.38,60000000
Velox,Scrypt,True,PoS,25570013.1348022,124000000
Ontology,VBFT,True,PoS,650848625.0,1000000000
Callisto Network,Ethash,True,PoW,247612453.0,6500000000
Curium,X11,True,PoW,0.0,22000000
Elicoin,YescryptR16,True,PoW,,10000000
BitTube,CryptoNight,True,PoW,80049082.9057215,1000000000
Dinero,NeoScrypt,True,PoW,0.0,100000000
Poseidon,Scrypt,True,PoW,4070212.1493016,21000000
Lelecoin,Curve25519,True,PoS,,1000000000
Akroma,Ethash,True,PoW,,100000000
Manna,SHA-256,False,PoW,2360478328.70966,10044655075.56243680
Aidos Kuneen,IMesh,True,PoW,25000000.0,25000000
Seraph,PHI1612,False,PoW/PoS,1360250.0,32000000
AfterEther,Ethash,False,PoW,,200000000
Cosmo,Quark,False,PoW,8928876.68577239,11892000
Reden,X16S,False,PoW,0.0,14000000
TulipCoin,Scrypt,True,PoW/PoS,,5250000000
Bitspace,NIST5,True,PoW/PoS,13787854.6277781,50000000
Fonero,PHI1612,True,PoW,,18400000
Snowgem,Equihash,True,PoW,0.0,84096000
CavatCoin,DPoS,False,DPoS,,21000000
Stellite,CryptoNight,False,PoW,,21000000000
Briacoin,Scrypt,True,PoW/PoS,845637.81347436,3000000
Ignition,Scrypt,True,PoW/PoS,1182153.5,5000000
MoneyBag,X11,False,PoS,,50000000
Bitrolium,Equihash,True,PoW,71355477.0,70000000
Bitcoin Interest,Equihash,True,PoW,0.0,22300000
MedicCoin,Scrypt,True,PoS,267297676.3125,500000000
FOLM coin,PHI1612,False,PoW,0.0,23001916
Alpenschillling,Lyra2Z,True,PoW,27340501.6514783,300000000
Zelcash,Equihash,True,PoW/PoS,0.0,210000000
Bitcoin Green,Green Protocol,True,PoS,9803691.3618195,21000000
Deviant Coin,PoS,True,PoS,21876586.8530324,88000000
Abjcoin,Scrypt,True,PoW/PoS,9880502.37178894,30000000
Rapture,NeoScrypt,False,PoW,4478901.29233779,21000000
Animecoin,Quark,True,PoW,,1976000000
Profit Hunters Coin,Scrypt,True,PoW/PoS,0.0,100000000
Semux,Semux BFT consensus,True,DPoS,1231147.0,100000000
BitBlocks,Scrypt,True,PoW/PoS,0.0,500000000
Uwezocoin,Scrypt,False,PoW,0.0,840000000
FuturoCoin,X11,True,PoW,31801461.1867843,100000000
Carebit,Quark,True,PoW/PoS,139739596.506702,200000000
Zealium,PoS,True,PoS,11075254.0929996,80000000
Monero Classic,CryptoNight,True,PoW,16016864.0,18400000
FedoraCoin,Scrypt,True,PoW,,500000000000
Charm Coin,NeoScrypt,True,PoW,,250000000
Proton,X16R,True,PoS,4403800.0,45000000
Dero,CryptoNight,True,PoW,,18400000
iDealCash,Scrypt,True,PoW/PoS,1404157529.46026,5121951220
Jumpcoin,NIST5,True,PoW,21069346.2522598,21000000
Infinex,Lyra2RE,True,PoW,5097689.71077377,26280000
Bitcoin Incognito,XEVAN,True,PoS/PoW,10904963.0923455,21000000
KEYCO,Tribus,True,PoW,795447.0,18000000
SABR Coin,Scrypt,True,PoW/PoS,,133100000
HollyWoodCoin,Scrypt,True,PoS,38706809.466535,26000000
GINcoin,Lyra2Z,True,PoW,6986399.70430446,10500000
MoneroV,CryptoNight,True,PoW,,256000000
Parlay,Scrypt,False,PoS,3783270.0,30000000
Listerclassic Coin,Scrypt,False,PoW/PoS,8094818.38874615,110000000
Amero,NeoScrypt,True,PoW/PoS,,15000000
PlatinCoin,CryptoNight,True,PoW,84300.0,600000518
BetKings,X11,False,PoS,11359634.6460345,8148139
Cognitio,SHA-256D,False,PoW/PoS,658584.46163633,7500000
BitCOEN,SHA-256,True,Limited Confidence Proof-of-Activity ,,100000000
Loki,CryptoNight Heavy,True,PoW,19153632.0,150000000
Newton Coin,CryptoNight,True,PoW,41294520017.0,184000000000
Staxcoin,Scrypt,True,PoW/PoS,,43500000
Mercoin,Scrypt,False,PoW/PoS,25330252.323,100000000
Swisscoin,Scrypt,True,PoW/PoS,10200000000.0,10200000000
ExchangeCoin,Equihash,False,PoW,0.0,32000000
Reliance,X11,False,PoS,7256580.0,62000000
BitcoiNote,CryptoNight,True,PoW,,21000000
Xt3ch,Scrypt,True,PoS,7630000.0154,44000000
MassGrid,Jump Consistent Hash,True,PoW,135862416.039898,168000000
TheVig,SHA-256D,True,PoW/PoS,33238183.7225834,100000000
PluraCoin,CryptoNight,True,PoW,560085952.404637,1000000000
EmaratCoin,Scrypt,True,PoW/PoS,21599339.6728,84000000
XtendCash,Wild Keccak,False,PoW,,100000000
Rover Coin,X11,True,PoW/PoS,,60000000
LitecoinPro,Scrypt,True,PoW,,17500000
Dekado,X15,True,PoS,30284196.369129,90000000
Lynx,Scrypt,True,HPoW,77872059787.8998,92000000000
Poseidon Quark,Quark,True,PoS,2716264.95302831,650000000 
MYCE,Scrypt,False,PoW/PoS,63613903.880998,250000000
Arionum,SHA-512,False,PoW,60045900.0,545399000
BitcoinWSpectrum,SHA-256,True,PoS,57811001.000889,100262205
Bitcoin Core,SHA-256,True,PoW,,21000000
GolfCoin,SHA-256D,False,PoW/PoS,0.0,1713134800
Muse,DPoS,True,PoS,18194936.0,18081806 
Motion,X16R,True,PoW,8125865.02097646,22075700
PlusOneCoin,HMQ1725,True,PoW,8645406.16776286,21000000
Axe,X11,True,PoW,4993030.69736615,21000000
GambleCoin,Scrypt,False,PoS,8240763.49472804,15600000
Trivechain,X16R,True,PoW/PoS,36923120.6205934,82546564
Dystem,Quark,True,PoS,7082392.24744494,21000000
Giant,Quark,True,PoW/PoS,5919489.76813523,5151000
Peony Coin,Scrypt,True,PoS,1042012.45227735,16880000000
SafeCoin,Zhash,True,PoW/PoS,0.0,36000000
Absolute Coin,Lyra2REv2,True,PoW/PoS,13332617.9413708,52500000
Vitae,Quark,True,PoS,66053877.6256106,100000000
Bitcoin Supreme,Scrypt,True,PoS,,21000000
GenesisX,XEVAN,False,PoS,0.0,19000000
BitminerCoin,CryptoNight,False,PoW,0.0,50000000
HexCoin,Scrypt,True,PoW,1416663.06600024,22105263
Deimos,Scrypt,False,PoW,269143950.637501,1000000000
TPCash,Scrypt,True,PoW/PoS,5403802.49590733,1000000000
Oyster Platform,X11,False,PoS,,25000000
Webchain,CryptoNight-V7,True,PoW,15580199.3087496,1750000000
Ryo,Cryptonight-GPU,True,PoW,4890897.0,88188888
MUSDcoin,Scrypt,True,PoW/PoS,0.0,100000000
Urals Coin,XEVAN,True,PoW,14746153.0962884,210000000
Qwertycoin,CryptoNight Heavy,True,PoW,99553110528.8022,184470000000
Bitcoin Nova,CryptoNight,False,PoW,484454200.0,1000000000
ARENON,X11,True,PoS,19269509.94,55000000
DACash,X11,False,PoW,26709236.7607446,50000000
EUNO,X11,True,PoW/PoS,30771125.9760867,50000000
MMOCoin,Scrypt,True,PoS,107763867.917675,260000000
DasCoin,DPoS,True,DPoS,,8589934592 
Ketan,PoS,True,PoS,9327131.59708692,210000000
NIX,Lyra2REv2,True,PoW,0.0,175000000
Italocoin,CryptoNight Heavy,False,PoW,,18446744
Safe Trade Coin,Scrypt,True,PoS,0.0,840000000
Project Pai,SHA-256,True,PoW,2100000000.0,2100000000
Mont Blanc,Scrypt,True,PoS,0.0,70000000
XDNA,Keccak,True,PoW/PoS,4672513.84432375,366000000
PAXEX,X11,True,PoS,4504639.0,100000000
Ditcoin,CryptoNight,True,PoW,,37000000
Azart,X11,True,PoW,5015881.37315389,25000000
Averopay,Tribus,False,PoW/PoS,1859475.60962,36500000
Apollon,Quark,True,PoW/PoS,0.0,250000000
ThunderStake,Scrypt,True,PoW/PoS,1059954080.43439,18000000000
SimpleBank,NeoScrypt,False,PoW/PoS,2381470.97805063,21000000
Harvest Masternode Coin,Scrypt,True,PoW/PoS,,10000000
Kcash,SHA-512,True,Zero-Knowledge Proof,1000000000.0,1000000000
Xchange,X16R,True,PoW,9753753.61515394,100000000
Acute Angle Cloud,ECC 256K1,True,DPOS,1000000000.0,1000000000
StarKST,Scrypt,True,PoW,,6000000000
Aukcecoin,Scrypt,True,PoW/PoS,,80000000
Plancoin,Scrypt,True,PoW/PoS,,35000000
Traid,NeoScrypt,True,PoW/PoS,0.0,252000000
Teachers Blockchain,Scrypt,True,PoW,,160000000
MIODIOCOIN,Scrypt,True,PoW,,80000000
Lightpaycoin,Quark,True,PoS,,21000000
Hanacoin,Lyra2REv2,False,PoW,,122500000
Bitvote,CryptoNight,True,PoW/PoS,,21000000
CrypticCoin,Equihash,True,PoW,4235111504.0,7600000000
Bettex coin,XEVAN,True,PoS,6787405.18013774,50000000
ZestCoin,Quark,True,PoW,0.0,29300000
X-CASH,CryptoNight Heavy X,True,PoW,0.0,100000000000
Brazio,HMQ1725,False,PoW,75579791.7052214,207000000
Actinium,Lyra2Z,True,PoW,13634850.0,84000000
Litecoinz,Equihash,True,PoW,,84000000
ETHER-1,Ethash,True,PoW,0.0,13666237
TWIST,SHA-512,False,PoS,200000000.0,200000000
MicroBitcoin,Rainforest,True,PoW,,210000000000
FOREXCOIN,Scrypt,True,PoW,,1000000000
Bitcoin SV,SHA-256,True,PoW,17992514.6469233,21000000
DACH Coin,Quark,False,PoS,14303114.6740944,38000000
Argoneum,PHI1612,False,PoW,13969583.3757376,64000000
2Acoin,CryptoNight-V7,False,PoW,,17910000
BitMoney,XEVAN,True,Pos,208515864.367343,70000000000
Bitcoiin2Gen,Ethash,True,PoW,0.0,100000000
Auxilium,Keccak,False,PoA,,300000000
Junson Ming Chan Coin,X11,True,PoS,17209923728.3266,0
FREDEnergy,CryptoNight,True,PoW,1867054873.28397,8080000000
Zenad,Quark,True,POS / MN,0.0,46000000
Ngin,M00N,False,PoW,,360000000
Genesis Network,Equihash,True,PoW,,4100000000
Vertical,Lyra2Z,True,PoW,,35000000
C25 Coin,SkunkHash,True,PoW,0.0,6100000
HerbCoin,Quark,True,PoW/PoS,35312185.7437239,54000000
Aquachain,Argon2,True,PoW,0.0,42000000
BlakeBitcoin,Blake,False,PoW,20595483.8480416,21000000
Universal Molecule,Blake,True,PoW,1578281.31341127,105120001.44
Lithium,Blake,True,PoW,15846721.2482747,25228800
Electron,Blake,False,PoW,24156921.9868023,7000000000
Xeonbit,CryptoNight,True,PoW,,18400000
Smart Bitcoin,SHA-256,True,PoW,0.0,20999764
PirateCash,Equihash,True,PoS,13475920.0,105000000
Exosis,Exosis,True,PoW,406091.925,21000000
Block-Logic,Scrypt,True,PoW,35284717.173946,120000000
MIMI Money,CryptoNight,False,PoW,,1000000000000000000
Oduwa,Scrypt,True,PoW/PoS,14777549.3940764,21000000
Beam,Equihash,True,PoW,35687520.0,262800000
Galilel,Quark,True,PoW/PoS,18265011.2486006,19035999
Zaddex,Equihash,False,PoW,,210000000
Bithereum,Equihash,True,PoW,25150787.5,30886000
ArQmA,CryptoNight-lite,True,PoW,,50000000
Amoveo,SHA-256,True,PoW,,0
Crypto Sports,Quark,True,PoS,1934701.67524713,13370000
Credit,Scrypt,True,PoW/PoS,30825710000.0296,74800000000
Scribe Network,Lyra2REv2,False,PoW,6040583.72997153,32700000
LYTIX,QuarkTX,True,PoW/PoS,,100000000
SiaClassic,Blake2b,False,PoW,,5000000000
Lunes,Leased POS,True,LPoS,,150728537.61
SLICE,QuBit,True,PoW,12925790.4226959,100000000
Dash Platinum,X11,True,PoS,715659.44237941,19700000
Nasdacoin,Scrypt,True,PoW/PoS,20546528.2059957,84000000
Vidulum,Equihash1927,True,PoW,0.0,100000000
Beetle Coin,XEVAN,True,PoW/PoS,198938144.363399,500000000
Titan Coin,SHA-256D,True,PoW/PoS,896361168.0,5000000000
Award,X11,True,PoW/PoS,15420234.5389336,420000000
BlockStamp,SHA-256,True,PoW,0.0,105000000
BLAST,SHA-256,True,PoW,52293836.6277958,64000000
ESBC,Quark,True,PoS,,30000000
VeriBlock,SHA-256,True,PoW,,2100000000
Bitcoin Rhodium,X13,True,PoW,1170292.5,2100000
GlobalToken,SHA-256,True,PoW,84613099.9999955,168000000
Insane Coin,X11,True,PoW/PoS,23775960.3207514,30000000
WRTcoin,X11,True,PoW,,25000000000
ALAX,DPoS,True,DPoS,1000000000.0,1000000000
The Freedom Coin,X11,True,PoS,0.0,25000000
Media Protocol Token,Ethash,False,PoW,10000000000.0,10000000000
AmberCoin,X11,True,PoW/PoS,,1000000000
LiteDoge,Scrypt,True,PoW/PoS,15318887081.0146,35000000000
Boolberry,X11,True,PoW,0.0,18450000
SolarCoin,Scrypt,True,PoW,55565076.3863525,98100000000
TruckCoin,X11,True,PoW/PoS,242574105.22384,0
UFO Coin,NeoScrypt,True,PoW,3824685012.0,4000000000
Ascension Coin,QuBit,True,PoW/PoS,0.0,0
OrangeCoin,Scrypt,True,PoW/PoS,3537150.0,200000000
GSM Coin,X11,True,PoW/PoS,,1800000
BlakeCoin,Blake,True,PoW,23356790.1494191,7000000000
BitstarCoin,Scrypt,True,PoW/PoS,20576532.0,54256119
NeosCoin,SHA-256,True,PoS,4392258.24647793,21000000
HyperCoin,Scrypt,True,PoW/PoS,9631199.99309942,0
PinkCoin,X11,True,PoW/PoS,436353624.490312,500000000
FantomCoin ,CryptoNight,True,PoW,0.0,18400000
World Trade Funds,X15,True,PoW/PoS,,1000000
Crypto Escudo,Scrypt,True,PoW,780210700.0,1000000000
Twelve Coin,T-Inside,True,PoW/PoS,,0
AudioCoin,Scrypt,True,PoW/PoS,980732528.97974,10500000000
Wood Coin,Skein,True,PoW,, 27625814
Cerium,SHA-256,True,PoW/PoS,,2307925
IncaKoin,SHA-256,True,PoW/PoS,17939725045.334,190000000
Piggy Coin,X11,True,PoW/PoS,494240666.028571,1000000000
Crown Coin,SHA-256,True,PoW,22986929.0854247,42000000
Genstake,Scrypt,True,PoW/PoS,60000000.0,15000000
Litestar Coin,X11,True,PoW/PoS,,120000000
Quazar Coin,CryptoNight,True,PoW,0.0,18446744
SmileyCoin,Scrypt,True,PoW,29583989322.9213,50000000000
BitQuark,Multiple,True,PoW,,0
ParkByte,SHA-256,True,PoW/PoS,0.0,25000000
Hellenic Coin,Scrypt,True,PoW,,100000000
XiaoMiCoin,Scrypt,True,PoW/PoS,404316475.545465,400000000
Groestlcoin,Groestl,True,PoW,73298203.8873662,105000000
CapriCoin,X11,True,PoW/PoS,201364327.427503,208000000
 ClubCoin,Scrypt,True,PoW/PoS,103621876.167052,160000000
Radium,PoS,True,PoS,3821245.74150193,9000000
Bata,Scrypt,True,PoW,5052555.91981545,5000000
Pakcoin,Scrypt,True,PoW,69684455.4387001,182000000
Creditbit ,X11,True,Proof of Trust,16901016.6609755,16504333
OKCash,SHA-256,True,PoW/PoS,74676064.9488608,105000000
Lisk,DPoS,True,DPoS,120012140.0,159918400
HiCoin,Scrypt,True,PoS,10000244677.7002,10008835635
WhiteCoin,Scrypt,True,PoW/PoS,252005564.19257,300000000
Dotcoin,Scrypt,True,PoW,0.0,890000000
FriendshipCoin,NeoScrypt,True,PoW/PoS,1120385.00502,60168145
The Hempcoin,Scrypt,True,PoW/PoS,0.0,300000000
Fiii,SHA3-256,True,DPoC,-5917977547.96773,5000000000
JoinCoin,Multiple,True,PoW,3332922.5,2800000
Triangles Coin,X13,True,PoW/PoS,140777.753365,120000
RAIZER,SHA-256,False,PoW,,1000000000
Vollar,Equihash+Scrypt,True,PoW,100000000.0,2100000000
VENOTY,Scrypt,False,PoW,,94000000
AlphaX,Scrypt,True,PoS,,200000000000
Swinca,Quark,False,PoW/PoS,,400000000
TecraCoin,Lyra2Z,False,PoW,40874452.4756771,210000000
HCX PAY,CryptoNight,False,PoW,,2000000000
Gexan,PHI2,False,PoW/PoS,2233828.12953048,21000000
EOS,DPoS,True,DPoS,1020544523.0722,0
Ahoolee,Ethash,True,PoW,,100000000
Reality Clash,Ethash,True,PoW,24487944.0958204,24487944
Oxycoin,DPoS,True,DPoS,1122382283.37,0
Z2 Coin,SHA-256,False,PoW,,11000000
Kapu,DPoS,True,DPoS,,115000000
Graft Blockchain,CryptoNight,True,PoW/PoS,,1844674400
Monaize,Equihash,True,PoW/DPoW,,257142857
Avesta,Avesta hash,False,PoW,,200000000
Extreme Sportsbook,X11,False,PoS,,3000000
Scorum,DPoS,True,DPoS,,20000000
Local World Forwarders,DPoS,True,DPoS,,100000000
iOlite,Ethash,True,PoW,0.0,1000000000
Adamant,DPoS,True,DPoS,,200000000
uPlexa,CryptoNight,True,PoW,,10500000000
TigerCash,SHA-256,True,PoS,1000000000.0,1000000000
LAPO,Lyra2Z,False,PoW/PoS,11086825523.3769,100000000000
Tip Blockchain,DPoS,True,PoS,,1000000000
DECOIN,X11,True,PoS,,140000000
Waves,Leased POS,True,LPoS,100000000.0,100000000
Particl,PoS,True,PoS,9283137.5558676,8634140
Slate,Slatechain,True,PoW,,950000000
ShardCoin,Scrypt,False,PoS,24924986.0946492,900000000
BitTorrent,TRC10,True,DPoS,989988713439.649,990000000000
XAYA,NeoScrypt,True,PoW,,77303932
ChainZilla,Equihash,False,DPoW,11000068.2715789,11000000
Nxt,PoS,True,PoS/LPoS,1000000000.0,1000000000
ZEPHYR,SHA-256,True,DPoS,1999999995.3056,2000000000
Quotient,Scrypt,True,PoW/PoS,,0
NetworkCoin,X13,True,PoW/PoS,,400000
VapersCoin,Scrypt,True,PoW,,42750000000
Gapcoin,Scrypt,True,PoW/PoS,14931046.1546605,250000000
Super Zero,Ethash,True,PoW,,1000000000
UOS,SHA-256,True,DPoI,,1000000000
Beldex,CryptoNight,True,PoW,980222595.0,1400222610
Horizen,Equihash,True,PoW,7296537.5,21000000
BitcoinPlus,Scrypt,True,PoS,128326.99633965,1000000
DivotyCoin,Scrypt,False,PoW/PoS,21491213.4644496,100000000
Giotto Coin,Scrypt,False,PoW/PoS,,233100000
OpenSourceCoin,SHA-256,False,PoW/PoS,,21000000
SteamPunk,PoS,False,PoS,,40000000
